City_ID,City,Country,Lat,Lng,Max Temp,Humidity,Cloudiness,Wind Speed,Current Description
0,Busselton,AU,-33.65,115.3333,63.0,98,100,8.01,overcast clouds
1,Altay,CN,47.8667,88.1167,41.79,28,3,4.45,clear sky
2,Tabuk,PH,17.4189,121.4443,84.04,52,86,3.15,overcast clouds
3,Lena,ES,43.1,-5.7333,42.8,75,0,4.61,clear sky
4,Guerrero Negro,MX,27.9769,-114.0611,59.77,79,43,16.02,scattered clouds
5,Rikitea,PF,-23.1203,-134.9692,78.37,72,8,6.73,light rain
6,Puerto Ayora,EC,-0.7393,-90.3518,76.15,88,51,3.04,broken clouds
7,Hobart,AU,-42.8794,147.3294,57.99,62,75,11.5,broken clouds
8,Palmares Do Sul,BR,-30.2578,-50.5097,70.29,71,100,18.07,overcast clouds
9,Severo-Kurilsk,RU,50.6789,156.125,36.97,90,71,9.04,broken clouds
10,Castro,BR,-24.7911,-50.0119,62.83,76,0,5.41,clear sky
11,Khani,GE,41.9563,42.9566,44.6,93,90,2.3,overcast clouds
12,Norman Wells,CA,65.282,-126.8329,12.2,37,1,11.5,clear sky
13,Butaritari,KI,3.0707,172.7902,80.92,78,100,8.23,light rain
14,West Memphis,US,35.1465,-90.1845,66.2,45,1,5.75,clear sky
15,Esperance,AU,-33.8667,121.9,60.8,100,90,25.32,overcast clouds
16,Leningradskiy,RU,69.3833,178.4167,1.11,75,4,7.78,clear sky
17,Mataura,NZ,-46.1927,168.8643,64.99,73,100,5.01,light rain
18,Kungurtug,RU,50.5994,97.5228,26.38,62,23,0.2,few clouds
19,Pevek,RU,69.7008,170.3133,-8.0,91,83,4.94,broken clouds
20,Cape Town,ZA,-33.9258,18.4232,63.0,94,0,1.14,clear sky
21,Lamar,US,33.6668,-95.5836,69.8,40,1,5.75,clear sky
22,Georgetown,MY,5.4112,100.3354,84.2,83,20,4.61,few clouds
23,Tuktoyaktuk,CA,69.4541,-133.0374,-0.4,65,1,10.36,clear sky
24,Hermanus,ZA,-34.4187,19.2345,64.0,79,99,8.01,overcast clouds
25,Chokurdakh,RU,70.6333,147.9167,0.5,86,74,13.65,broken clouds
26,Lebu,CL,-37.6167,-73.65,56.37,88,1,12.37,clear sky
27,Kruisfontein,ZA,-34.0033,24.7314,57.0,91,100,1.01,overcast clouds
28,Svetlaya,RU,46.5389,138.3297,49.26,64,100,15.97,overcast clouds
29,Qaqortoq,GL,60.7167,-46.0333,39.2,52,2,4.61,clear sky
30,Airai,TL,-8.9266,125.4092,73.67,54,15,1.32,few clouds
31,Vaini,TO,-21.2,-175.2,78.8,78,75,8.05,broken clouds
32,Okhotsk,RU,59.3833,143.3,20.48,80,100,10.94,light snow
33,Geraldton,AU,-28.7667,114.6,71.6,88,75,18.41,light rain
34,Weligama,LK,5.9667,80.4167,78.26,82,26,3.0,scattered clouds
35,Talnakh,RU,69.4865,88.3972,23.47,84,100,14.83,overcast clouds
36,Kavaratti,IN,10.5669,72.642,83.17,69,11,3.56,few clouds
37,Bambous Virieux,MU,-20.3428,57.7575,75.99,94,40,3.44,scattered clouds
38,Qaanaaq,GL,77.484,-69.3632,21.0,95,100,5.93,light snow
39,Prainha,BR,-1.8,-53.48,73.24,97,99,1.95,overcast clouds
40,Bonfim,BR,3.0833,-59.95,74.16,90,98,2.35,overcast clouds
41,Chicama,PE,-7.8447,-79.1469,68.0,88,94,6.91,overcast clouds
42,Lyubytino,RU,58.8122,33.3922,44.29,94,91,7.54,overcast clouds
43,Te Anau,NZ,-45.4167,167.7167,57.09,79,97,1.63,light rain
44,Samarai,PG,-10.6167,150.6667,82.04,60,17,10.02,few clouds
45,Udachnyy,RU,66.4167,112.4,14.52,73,81,5.46,broken clouds
46,Ixtapa,MX,20.7,-105.2,77.0,78,1,9.22,clear sky
47,Khatanga,RU,71.9667,102.5,20.95,81,97,5.08,overcast clouds
48,Shelburne,CA,44.0787,-80.2041,55.99,83,88,6.08,light rain
49,Santa Maria Do Suacui,BR,-18.1903,-42.4142,62.19,81,0,2.66,clear sky
50,Lopatino,RU,52.6195,45.8118,43.36,94,100,8.72,overcast clouds
51,Tshane,BW,-24.0196,21.8684,67.75,43,0,6.35,clear sky
52,Atuona,PF,-9.8,-139.0333,80.53,77,25,15.48,scattered clouds
53,Ribeira Grande,PT,38.5167,-28.7,62.15,88,24,13.98,few clouds
54,Natchitoches,US,31.7668,-93.1335,60.8,82,1,5.14,clear sky
55,Abu Kamal,SY,34.4506,40.9171,54.01,48,0,9.84,clear sky
56,Hambantota,LK,6.1241,81.1185,75.2,100,20,2.3,few clouds
57,Kulevcha,UA,46.0303,29.9361,45.27,62,44,8.55,scattered clouds
58,Hilo,US,19.7297,-155.09,71.6,56,90,3.44,light rain
59,Bluff,NZ,-46.6,168.3333,64.99,73,100,5.01,light rain
60,Ilulissat,GL,69.2167,-51.1,30.2,69,75,4.61,broken clouds
61,Emerald,AU,-23.5333,148.1667,73.99,18,40,19.57,scattered clouds
62,Arraial Do Cabo,BR,-22.9661,-42.0278,76.28,80,5,15.66,clear sky
63,Jamestown,US,42.097,-79.2353,55.0,87,90,8.05,overcast clouds
64,Quatre Cocos,MU,-20.2078,57.7625,75.99,94,40,3.44,scattered clouds
65,Kapaa,US,22.0752,-159.319,78.8,57,75,17.27,broken clouds
66,Saint-Philippe,RE,-21.3585,55.7679,78.8,69,0,6.91,light rain
67,Chuy,UY,-33.6971,-53.4616,62.65,74,77,13.78,broken clouds
68,Saint-Louis,SN,16.3333,-15.0,82.45,20,0,13.02,clear sky
69,Sonoita,MX,31.85,-112.8333,74.79,29,80,9.4,broken clouds
70,Alyangula,AU,-13.8483,136.4192,87.8,66,40,8.05,scattered clouds
71,Acari,PE,-15.4311,-74.6158,73.62,72,100,2.95,overcast clouds
72,Anadyr,RU,64.75,177.4833,5.0,78,20,15.66,snow
73,Iquitos,PE,-3.7481,-73.2472,77.0,94,40,1.9,heavy intensity rain
74,Daokou,CN,35.5639,114.5058,68.22,39,13,3.67,few clouds
75,Dikson,RU,73.5069,80.5464,28.13,93,100,23.44,light snow
76,Mulchen,CL,-37.7167,-72.2333,59.76,69,0,7.49,clear sky
77,Pangnirtung,CA,66.1451,-65.7125,38.28,99,100,4.63,light rain
78,Na Klang,TH,17.3072,102.1889,86.0,89,75,3.44,broken clouds
79,Kodiak,US,57.79,-152.4072,39.2,87,90,14.97,light rain
80,Mandalgovi,MN,45.7625,106.2708,21.6,23,0,19.48,clear sky
81,Bredasdorp,ZA,-34.5322,20.0403,64.0,79,100,8.01,overcast clouds
82,Kamenka,RU,51.3223,42.7678,44.33,92,100,10.54,overcast clouds
83,Punta Arenas,CL,-53.15,-70.9167,48.2,87,90,14.97,light rain
84,Westport,US,41.1415,-73.3579,50.0,87,90,11.5,light rain
85,Barcelos,PT,41.5388,-8.6151,55.99,67,0,5.75,clear sky
86,Ostrovnoy,RU,68.0531,39.5131,29.37,82,9,23.85,clear sky
87,Kamaishi,JP,39.2667,141.8833,57.2,54,20,9.22,few clouds
88,Victoria,HK,22.2855,114.1577,78.01,83,99,1.99,overcast clouds
89,Sorland,NO,67.667,12.6934,36.97,60,100,10.76,overcast clouds
90,Sitka,US,57.0531,-135.33,39.2,75,90,3.44,light snow
91,Iguai,BR,-14.7564,-40.0892,67.95,95,95,2.35,overcast clouds
92,Sembakung,ID,3.8167,117.25,82.4,78,75,6.91,broken clouds
93,Hofn,IS,64.2539,-15.2082,39.63,76,100,12.77,light rain
94,Port Macquarie,AU,-31.4333,152.9167,68.0,31,0,1.99,clear sky
95,Port Alfred,ZA,-33.5906,26.891,66.0,89,100,1.52,overcast clouds
96,San Cristobal,VE,7.7669,-72.225,66.18,93,100,1.81,overcast clouds
97,Mar Del Plata,AR,-38.0023,-57.5575,60.01,93,0,4.61,clear sky
98,Tasiilaq,GL,65.6145,-37.6368,23.0,68,0,6.22,clear sky
99,Shingu,JP,33.7333,135.9833,68.0,52,40,9.22,scattered clouds
100,Iskateley,RU,67.6803,53.1512,32.0,90,99,23.4,overcast clouds
101,Hithadhoo,MV,-0.6,73.0833,83.26,67,95,10.27,overcast clouds
102,Parati,BR,-23.2178,-44.7131,70.88,66,0,5.48,clear sky
103,Luderitz,NA,-26.6481,15.1594,74.14,45,0,6.55,clear sky
104,Solnechnyy,RU,50.7214,136.6319,36.68,56,100,4.03,overcast clouds
105,Hasaki,JP,35.7333,140.8333,68.0,48,75,8.05,broken clouds
106,Kodinsk,RU,58.6881,99.1844,33.69,88,88,4.72,overcast clouds
107,Avarua,CK,-21.2078,-159.775,82.4,83,20,9.22,few clouds
108,Tura,IN,25.5198,90.2201,84.11,41,2,5.75,clear sky
109,Coquimbo,CL,-29.9533,-71.3436,57.2,88,0,3.44,clear sky
110,Nabire,ID,-3.3667,135.4833,88.16,59,31,4.65,scattered clouds
111,Dingle,PH,10.9995,122.6711,87.15,55,91,11.1,overcast clouds
112,Torbay,CA,47.6666,-52.7314,32.0,100,90,6.91,overcast clouds
113,Alora,ES,36.8236,-4.7058,64.4,63,0,13.8,clear sky
114,Ushuaia,AR,-54.8,-68.3,53.6,40,75,32.21,moderate rain
115,Grindavik,IS,63.8424,-22.4338,37.4,87,90,16.11,overcast clouds
116,Hobyo,SO,5.3505,48.5268,81.64,61,74,10.96,broken clouds
117,Meulaboh,ID,4.1363,96.1285,79.45,82,68,5.06,broken clouds
118,Tiksi,RU,71.6872,128.8694,15.26,63,100,8.66,overcast clouds
119,Romny,UA,50.751,33.4747,42.19,69,100,8.7,overcast clouds
120,Mahanoro,MG,-19.9,48.8,73.08,91,100,7.74,overcast clouds
121,Emba,KZ,48.8264,58.1442,39.94,69,0,9.71,clear sky
122,Goure,NE,13.9835,10.2704,78.06,9,92,9.37,overcast clouds
123,Bengkulu,ID,-3.8004,102.2655,77.61,85,100,2.48,overcast clouds
124,Itarema,BR,-2.9248,-39.9167,79.3,78,100,9.04,overcast clouds
125,Maldonado,UY,-34.6667,-54.9167,66.99,63,75,20.71,broken clouds
126,Barrow,US,71.2906,-156.7887,-9.4,70,1,6.91,clear sky
127,Santa Marta,CO,11.2408,-74.199,84.2,70,20,13.8,few clouds
128,Terney,RU,45.0503,136.6092,52.25,63,97,12.55,overcast clouds
129,Kishi,NG,9.0833,3.85,78.22,68,56,10.96,broken clouds
130,Oro Valley,US,32.3909,-110.9665,84.99,10,52,1.01,broken clouds
131,Sampit,ID,-2.5333,112.95,86.63,66,83,0.51,broken clouds
132,Upernavik,GL,72.7868,-56.1549,29.21,87,100,30.06,light snow
133,Sokoni,TZ,-6.4333,39.55,78.8,94,75,11.5,moderate rain
134,Muromtsevo,RU,56.3724,75.2418,33.4,82,81,9.71,broken clouds
135,Carnarvon,AU,-24.8667,113.6333,80.6,78,75,13.8,broken clouds
136,Laramie,US,41.3114,-105.5911,35.6,23,1,10.36,clear sky
137,Petropavlovsk-Kamchatskiy,RU,53.0452,158.6483,41.0,30,73,2.24,broken clouds
138,Yaan,NG,7.3833,8.5667,78.93,76,100,8.23,overcast clouds
139,Kalnciems,LV,56.8011,23.6097,53.6,43,0,11.5,clear sky
140,Maumere,ID,-8.6199,122.2111,84.06,66,11,2.68,few clouds
141,Vostok,RU,46.4856,135.8833,57.09,45,41,13.06,scattered clouds
142,Berlevag,NO,70.8578,29.0864,33.46,74,96,27.94,light snow
143,Dicabisagan,PH,17.0818,122.4157,84.24,62,100,7.09,overcast clouds
144,Xuddur,SO,4.1213,43.8894,72.66,76,94,12.64,overcast clouds
145,Hayvoron,UA,48.3396,29.8679,43.32,58,95,6.26,overcast clouds
146,Nemuro,JP,43.3236,145.575,59.0,26,0,14.97,clear sky
147,Nantucket,US,41.2835,-70.0995,44.6,93,75,19.57,broken clouds
148,Albany,US,42.6001,-73.9662,53.01,63,100,7.81,overcast clouds
149,Vestmanna,FO,62.1564,-7.1664,33.8,86,20,4.94,light rain
150,Taoudenni,ML,22.6783,-3.9836,83.66,13,2,7.87,clear sky
151,Lubao,PH,14.9167,120.55,87.8,54,40,9.22,scattered clouds
152,Fairbanks,US,64.8378,-147.7164,37.0,34,40,4.61,light rain
153,Cross Lanes,US,38.4204,-81.7907,55.99,67,75,6.91,broken clouds
154,Fortuna,US,40.5982,-124.1573,55.0,71,1,13.8,clear sky
155,Acarau,BR,-2.8856,-40.12,79.18,79,99,9.37,overcast clouds
156,Nikolskoye,RU,59.7035,30.7861,44.01,65,0,11.18,light rain
157,Weiser,US,44.251,-116.9693,55.4,15,1,10.36,clear sky
158,Puerto Carreno,CO,6.189,-67.4859,78.93,84,100,3.38,heavy intensity rain
159,Paamiut,GL,61.994,-49.6678,30.99,72,3,7.94,clear sky
160,Namibe,AO,-15.1961,12.1522,79.65,66,17,1.57,few clouds
161,Baniachang,BD,24.5167,91.3667,84.58,54,2,3.98,clear sky
162,Saint-Pierre,RE,-21.3393,55.4781,78.8,69,0,6.91,clear sky
163,Pundaguitan,PH,6.3711,126.1689,82.06,74,100,2.73,overcast clouds
164,Olinda,BR,-8.0089,-34.8553,71.6,94,75,5.75,mist
165,Diffa,NE,13.3154,12.6113,78.71,20,71,10.4,broken clouds
166,Vila Franca Do Campo,PT,37.7167,-25.4333,62.6,94,75,10.36,broken clouds
167,Havre-Saint-Pierre,CA,50.2334,-63.5986,50.0,71,20,18.41,few clouds
168,Aquiraz,BR,-3.9014,-38.3911,78.8,89,20,4.61,few clouds
169,Hami,CN,42.8,93.45,53.31,37,94,9.98,overcast clouds
170,Amahai,ID,-3.3333,128.9167,84.56,69,10,3.47,clear sky
171,Ambulu,ID,-8.345,113.6058,83.5,72,11,1.39,few clouds
172,Saskylakh,RU,71.9167,114.0833,21.36,85,88,9.01,overcast clouds
173,Nyurba,RU,63.2842,118.3319,16.14,82,76,4.9,broken clouds
174,Hamilton,US,39.1834,-84.5333,51.01,81,90,8.05,overcast clouds
175,Lorengau,PG,-2.0226,147.2712,75.74,90,100,14.79,moderate rain
176,Yellowknife,CA,62.456,-114.3525,8.6,72,75,4.61,light snow
177,Beyneu,KZ,45.3167,55.2,53.42,38,0,12.84,clear sky
178,Deolali,IN,19.95,73.8333,80.64,25,7,5.48,clear sky
179,Porto Novo,BJ,6.4965,2.6036,80.6,83,20,3.44,few clouds
180,Naze,JP,28.3667,129.4833,75.2,69,40,17.27,scattered clouds
181,Adrar,MR,20.5022,-10.0711,74.73,20,1,12.3,clear sky
182,Simao,CN,22.7886,100.9748,77.11,51,43,3.58,scattered clouds
183,Huizhou,CN,23.0833,114.4,75.0,83,68,6.13,broken clouds
184,Pemberton,CA,50.3164,-122.8027,44.6,33,20,2.3,few clouds
185,Half Moon Bay,US,37.4636,-122.4286,59.0,81,1,12.66,haze
186,Tilichiki,RU,60.4667,166.1,11.91,71,17,20.07,few clouds
187,Clyde River,CA,70.4692,-68.5914,24.8,86,90,6.91,overcast clouds
188,Alice Town,BS,25.7167,-79.3,71.71,82,96,14.41,overcast clouds
189,Bilma,NE,18.6853,12.9164,80.29,11,0,10.27,clear sky
190,Araouane,ML,18.9048,-3.5265,83.52,12,0,10.71,clear sky
191,Mehamn,NO,71.0357,27.8492,32.92,70,92,28.41,light snow
192,Cam Ranh,VN,11.9214,109.1591,78.8,89,75,2.3,broken clouds
193,New Norfolk,AU,-42.7826,147.0587,57.99,72,92,1.99,overcast clouds
194,Tayginka,RU,55.6244,60.5076,44.11,88,100,3.94,overcast clouds
195,Chifeng,CN,42.2683,118.9636,58.14,43,50,14.0,scattered clouds
196,Ahuimanu,US,21.4447,-157.8378,75.2,60,20,10.36,light rain
197,Kyra,RU,49.5776,111.9753,25.14,33,6,13.67,clear sky
198,Mount Isa,AU,-20.7333,139.5,78.8,21,19,11.5,few clouds
199,Provideniya,RU,64.3833,-173.3,11.34,84,100,23.71,light snow
200,Santa Isabel Do Rio Negro,BR,-0.4139,-65.0192,72.75,98,100,2.95,overcast clouds
201,Key West,US,24.5557,-81.7826,73.4,83,90,13.8,overcast clouds
202,Ballina,AU,-28.8667,153.5667,68.0,48,0,13.8,clear sky
203,Yar-Sale,RU,66.8333,70.8333,27.0,88,15,17.27,few clouds
204,Shenjiamen,CN,29.9576,122.298,61.05,98,100,17.45,light rain
205,Ketchikan,US,55.3422,-131.6461,42.8,61,75,5.75,broken clouds
206,Menongue,AO,-14.6585,17.691,58.32,67,42,5.14,scattered clouds
207,Kaitangata,NZ,-46.2817,169.8464,61.0,89,100,11.01,overcast clouds
208,Revin,FR,49.9404,4.635,30.99,93,40,5.75,scattered clouds
209,Kenai,US,60.5544,-151.2583,37.4,69,40,17.27,scattered clouds
210,Novoagansk,RU,61.9449,76.6625,34.3,91,100,13.62,overcast clouds
211,Muros,ES,42.7762,-9.0603,48.0,60,51,16.08,broken clouds
212,Alofi,NU,-19.0595,-169.9187,82.4,74,93,9.22,overcast clouds
213,Klaksvik,FO,62.2266,-6.589,33.8,86,20,9.01,light rain
214,Sao Pedro Da Aldeia,BR,-22.8392,-42.1028,69.8,100,0,3.44,clear sky
215,Manggar,ID,-2.8833,108.2667,84.87,66,98,5.06,overcast clouds
216,Richards Bay,ZA,-28.783,32.0377,71.26,95,69,6.31,broken clouds
217,Wajid,SO,3.8093,43.2471,75.72,71,80,11.7,broken clouds
218,Gat,IL,31.61,34.7642,53.6,71,75,8.05,broken clouds
219,Faanui,PF,-16.4833,-151.75,81.73,74,100,8.79,light rain
220,Wewak,PG,-3.5534,143.6268,79.02,81,100,2.17,overcast clouds
221,Sao Gabriel Da Cachoeira,BR,-0.1303,-67.0892,72.73,98,100,1.54,light rain
222,Nouadhibou,MR,20.931,-17.0347,68.0,68,0,24.16,clear sky
223,Zabol,AF,32.25,67.25,57.85,30,100,4.65,overcast clouds
224,Porto Seguro,BR,-16.4497,-39.0647,75.2,83,40,5.64,scattered clouds
225,Micheweni,TZ,-4.9667,39.8333,78.48,83,99,10.74,light rain
226,Saint-Denis,FR,48.9167,2.3333,37.99,86,0,3.44,clear sky
227,Haapiti,PF,-17.5667,-149.8667,86.0,66,75,10.36,broken clouds
228,Longyearbyen,SJ,78.2186,15.6401,19.4,63,75,12.66,broken clouds
229,Waitati,NZ,-45.75,170.5667,60.01,83,100,14.0,light rain
230,Sarny,UA,51.338,26.6019,40.64,70,17,7.43,few clouds
231,Takoradi,GH,4.8845,-1.7554,80.2,85,44,6.15,scattered clouds
232,East London,ZA,-33.0153,27.9116,70.25,85,92,4.0,overcast clouds
233,Ouargaye,BF,11.5033,0.0572,85.73,44,44,6.51,scattered clouds
234,Port Elizabeth,ZA,-33.918,25.5701,60.8,100,20,3.6,few clouds
235,Iqaluit,CA,63.7506,-68.5145,32.0,93,90,9.22,overcast clouds
236,San Carlos De Bariloche,AR,-41.1456,-71.3082,55.4,76,20,16.11,few clouds
237,Ponta Do Sol,PT,32.6667,-17.1,64.0,82,100,2.28,overcast clouds
238,Mount Gambier,AU,-37.8333,140.7667,57.2,67,90,4.61,overcast clouds
239,Kamina,CD,-8.7386,24.9906,62.08,97,97,2.15,light rain
240,Gushi,CN,34.6425,109.5843,65.07,53,51,8.08,broken clouds
241,Turayf,SA,31.6725,38.6637,44.6,70,0,4.61,clear sky
242,Verkhnevilyuysk,RU,63.4453,120.3167,16.65,77,8,6.04,clear sky
243,Awjilah,LY,29.1081,21.2869,58.32,21,1,9.82,clear sky
244,Narsaq,GL,60.9167,-46.05,39.2,52,3,4.61,clear sky
245,Olga,RU,43.7444,135.2892,53.69,53,100,13.67,moderate rain
246,Egvekinot,RU,66.3167,-179.1667,1.04,65,100,22.5,overcast clouds
247,Jackson,US,42.4165,-122.8345,66.2,26,1,5.75,clear sky
248,Bethel,US,41.3712,-73.414,48.0,92,99,3.0,overcast clouds
249,Rassvet,RU,46.8333,40.75,46.35,92,100,3.78,overcast clouds
250,Muscat,OM,23.6139,58.5922,78.8,83,0,2.3,clear sky
251,Erdenet,MN,49.0333,104.0833,25.07,37,6,5.23,clear sky
252,Abadan,IR,30.3392,48.3043,68.0,49,0,13.8,clear sky
253,Betafo,MG,-19.8333,46.85,58.59,89,91,5.17,overcast clouds
254,Arcachon,FR,44.5875,-1.0519,41.0,87,0,6.91,clear sky
255,Jardim,BR,-21.4803,-56.1381,74.79,67,3,4.27,clear sky
256,Bukoba,TZ,-1.3317,31.8122,66.0,90,98,4.74,moderate rain
257,Makato,PH,11.712,122.2922,83.97,66,100,5.64,overcast clouds
258,Mineiros,BR,-17.5694,-52.5511,66.63,53,0,3.15,clear sky
259,Abu Dhabi,AE,24.4667,54.3667,80.6,39,0,11.77,clear sky
260,Rohnert Park,US,38.3396,-122.7011,64.99,62,1,9.22,clear sky
261,Linfen,CN,36.0889,111.5189,62.58,48,5,7.09,clear sky
262,Rawson,AR,-43.3002,-65.1023,66.7,50,53,12.77,broken clouds
263,Katsuura,JP,35.1333,140.3,64.99,48,40,11.5,scattered clouds
264,Porto Walter,BR,-8.2686,-72.7439,72.9,97,100,1.32,overcast clouds
265,Bubaque,GW,11.2833,-15.8333,76.68,72,0,11.81,clear sky
266,Santiago,CL,-33.4569,-70.6483,66.2,34,0,2.3,clear sky
267,La Ronge,CA,55.1001,-105.2842,35.6,48,100,9.22,overcast clouds
268,Plettenberg Bay,ZA,-34.0527,23.3716,61.83,83,99,2.28,overcast clouds
269,Lavrentiya,RU,65.5833,-171.0,7.47,87,100,27.56,light snow
270,Barabai,ID,-2.5833,115.3833,86.81,63,98,2.3,overcast clouds
271,Severnoye,RU,56.3491,78.3619,31.68,87,100,10.74,overcast clouds
272,Lubango,AO,-14.9172,13.4925,58.19,66,31,3.0,scattered clouds
273,Fairview,US,40.8126,-73.999,50.0,93,90,10.36,moderate rain
274,Santa Cruz Cabralia,BR,-16.2781,-39.0247,75.2,83,40,4.29,scattered clouds
275,Aklavik,CA,68.2191,-135.0107,12.2,34,55,6.91,broken clouds
276,Leh,IN,34.1667,77.5833,29.62,86,99,2.8,overcast clouds
277,Dongsheng,CN,39.8161,109.9776,38.93,47,11,26.75,few clouds
278,Bismarck,US,46.8083,-100.7837,39.2,70,90,25.32,overcast clouds
279,Artigas,UY,-30.4,-56.4667,61.65,77,100,11.39,overcast clouds
280,Dingolfing,DE,48.6333,12.5,48.99,88,100,5.01,overcast clouds
281,Bom Jesus,BR,-9.0744,-44.3586,77.04,57,98,1.45,overcast clouds
282,Galesong,ID,-5.3166,119.3661,82.4,78,20,3.44,few clouds
283,Dingli,MT,35.8614,14.3822,57.99,94,20,16.11,few clouds
284,Mahebourg,MU,-20.4081,57.7,75.2,94,40,3.44,scattered clouds
285,Tuatapere,NZ,-46.1333,167.6833,64.99,73,96,5.01,moderate rain
286,Kayerkan,RU,69.3497,87.7602,26.33,74,100,18.12,overcast clouds
287,Cerro Punta,PA,8.85,-82.5667,66.99,98,100,1.21,overcast clouds
288,Toyooka,JP,35.5333,134.8333,66.2,45,75,10.36,broken clouds
289,Chik,RU,54.9928,82.4311,35.6,60,0,4.47,clear sky
290,Nanortalik,GL,60.1432,-45.2371,34.65,71,0,4.7,clear sky
291,Beringovskiy,RU,63.05,179.3167,4.62,93,100,28.07,snow
292,Thompson,CA,55.7435,-97.8558,26.6,46,75,12.66,broken clouds
293,Hammerfest,NO,70.6634,23.6821,32.0,86,75,12.66,light snow
294,Haines Junction,CA,60.7522,-137.5108,30.2,34,99,5.75,overcast clouds
295,Saldanha,ZA,-33.0117,17.9442,61.47,89,100,7.2,overcast clouds
296,At-Bashi,KG,41.1702,75.8106,38.14,40,1,3.65,clear sky
297,Bathsheba,BB,13.2167,-59.5167,75.2,69,40,5.75,volcanic ash
298,Dumka,IN,24.2667,87.25,90.12,21,89,5.26,overcast clouds
299,Togur,RU,58.3631,82.8265,35.19,84,100,11.92,overcast clouds
300,Kholodnyy,RU,62.7167,147.95,1.76,70,100,5.53,overcast clouds
301,Olean,US,42.0776,-78.4297,55.4,100,90,4.61,moderate rain
302,La Primavera,CO,5.4906,-70.4092,81.03,69,99,3.51,overcast clouds
303,Saint-Francois,FR,46.4154,3.9054,39.2,93,0,8.05,clear sky
304,Neijiang,CN,29.5835,105.0622,63.59,69,58,2.62,broken clouds
305,Cherskiy,RU,68.75,161.3,-7.04,80,32,1.97,scattered clouds
306,Lompoc,US,34.6391,-120.4579,55.4,71,41,19.57,scattered clouds
307,Eyl,SO,7.9803,49.8164,77.32,74,26,7.07,scattered clouds
308,Vardo,NO,70.3705,31.1107,32.07,76,47,25.05,scattered clouds
309,Nogales,MX,31.3086,-110.9422,78.8,13,1,10.36,clear sky
310,Eenhana,NA,-17.4667,16.3333,60.78,52,0,7.18,clear sky
311,Bandipur,NP,27.9333,84.4167,72.3,7,0,1.63,clear sky
312,Ibadan,NG,7.3878,3.8964,76.28,88,84,5.5,broken clouds
313,Bitung,ID,1.4451,125.1824,86.0,70,40,6.91,light rain
314,Killybegs,IE,54.6333,-8.45,37.99,95,100,1.01,overcast clouds
315,Moskovskiy,RU,55.5991,37.355,43.0,60,0,5.39,clear sky
316,Gonzaga,IT,44.9498,10.8209,50.0,94,100,3.78,light rain
317,Ardatov,RU,55.2421,43.097,35.46,90,100,9.04,overcast clouds
318,Scarborough,GB,54.2797,-0.4044,30.99,82,25,9.06,scattered clouds
319,Cockburn Town,TC,21.4612,-71.1419,76.48,71,66,19.82,broken clouds
320,Irkutsk,RU,52.2978,104.2964,32.0,40,0,6.71,clear sky
321,Coahuayana,MX,18.7333,-103.6833,70.72,83,63,1.39,broken clouds
322,Bilibino,RU,68.0546,166.4372,2.52,59,10,1.48,clear sky
323,Nongan,CN,44.382,125.1685,62.6,22,0,31.32,clear sky
324,Bandarbeyla,SO,9.4942,50.8122,77.47,76,19,4.43,few clouds
325,Nynashamn,SE,58.9034,17.9479,41.0,93,100,1.01,overcast clouds
326,Swellendam,ZA,-34.0226,20.4417,61.99,82,64,0.83,broken clouds
327,Saint George,US,37.1041,-113.5841,79.0,8,1,14.97,clear sky
328,Ahlat,TR,38.7518,42.4814,35.62,81,66,6.29,broken clouds
329,Tecoanapa,MX,16.5167,-98.75,78.69,70,0,8.14,clear sky
330,Mapiri,BO,-15.25,-68.1667,68.38,99,100,0.78,overcast clouds
331,Nkhata Bay,MW,-11.6066,34.2907,69.89,90,56,3.96,light rain
332,Labuhan,ID,-6.8844,112.2051,82.35,75,83,5.28,broken clouds
333,Pondicherry,IN,11.93,79.83,84.15,68,56,5.3,broken clouds
334,Ishigaki,JP,24.3448,124.1572,78.8,69,20,12.66,few clouds
335,Juneau,US,58.3019,-134.4197,35.6,69,90,11.5,overcast clouds
336,Viseu,PT,40.661,-7.9097,50.0,83,91,5.99,overcast clouds
337,Kholm-Zhirkovskiy,RU,55.5189,33.4731,41.32,81,0,6.02,clear sky
338,Zaysan,KZ,47.4667,84.8667,46.33,28,0,1.79,clear sky
339,Sao Filipe,CV,14.8961,-24.4956,75.34,66,51,6.55,broken clouds
340,Pitimbu,BR,-7.4706,-34.8086,73.4,100,20,8.05,few clouds
341,Agustin Codazzi,CO,10.0341,-73.2361,76.77,82,73,3.96,broken clouds
342,Buraydah,SA,26.326,43.975,62.6,42,0,12.66,clear sky
343,Karratha,AU,-20.7377,116.8463,87.24,63,81,11.99,broken clouds
344,Awbari,LY,26.5921,12.7805,74.32,17,93,18.61,overcast clouds
345,Kalamare,BW,-22.9337,26.5703,60.89,55,0,5.01,clear sky
346,Beloha,MG,-25.1667,45.05,71.24,91,37,10.22,scattered clouds
347,Aasiaat,GL,68.7098,-52.8699,19.9,90,100,5.44,overcast clouds
348,Bridlington,GB,54.0831,-0.1919,30.99,82,15,1.99,few clouds
349,Gondanglegi,ID,-7.7479,112.0132,83.71,71,56,5.59,broken clouds
350,Chai Nat,TH,15.1167,100.1,88.0,81,100,6.93,overcast clouds
351,Codrington,AU,-38.2667,141.9667,61.21,53,9,7.54,clear sky
352,Komsomolskiy,UZ,40.4272,71.7189,50.0,57,0,4.61,clear sky
353,Dunedin,NZ,-45.8742,170.5036,60.01,79,100,12.46,overcast clouds
354,Nushki,PK,29.5542,66.0215,72.12,14,10,7.81,clear sky
355,Grand Gaube,MU,-20.0064,57.6608,75.99,86,87,1.99,overcast clouds
356,Leopold,AU,-38.1833,144.4667,60.8,72,40,9.22,scattered clouds
357,Winchester,GB,51.0651,-1.3187,33.01,86,5,2.3,clear sky
358,Sorong,ID,-0.8833,131.25,83.5,69,18,5.35,few clouds
359,Cabo San Lucas,MX,22.8909,-109.9124,75.99,60,20,11.5,few clouds
360,Puerto Del Rosario,ES,28.5004,-13.8627,66.2,82,20,11.5,few clouds
361,Nguruka,TZ,-5.1092,31.0419,63.12,97,100,2.93,light rain
362,Jhusi,IN,25.4333,81.9333,86.31,20,0,6.13,clear sky
363,Nhulunbuy,AU,-12.2333,136.7667,91.4,49,40,5.75,scattered clouds
364,Pachino,IT,36.7186,15.0907,51.8,82,64,4.61,broken clouds
365,Pukhrayan,IN,26.2333,79.85,85.32,24,1,7.94,clear sky
366,Pocone,BR,-16.2567,-56.6228,76.17,74,57,2.37,broken clouds
367,Susangerd,IR,31.5608,48.1831,69.8,52,0,4.61,clear sky
368,Baykit,RU,61.67,96.37,32.05,90,100,3.67,overcast clouds
369,Port Shepstone,ZA,-30.7414,30.455,72.99,85,100,8.05,overcast clouds
370,Flinders,AU,-34.5833,150.8552,66.0,43,12,4.0,few clouds
371,Bonavista,CA,48.6499,-53.1147,33.8,100,100,3.44,light rain
372,Gizo,SB,-8.103,156.8419,82.53,73,63,4.85,light rain
373,Manta,EC,-0.95,-80.7333,78.8,73,0,9.22,clear sky
374,Tucuman,AR,-26.8241,-65.2226,58.05,71,37,4.32,scattered clouds
375,Teguise,ES,29.0605,-13.564,66.2,82,0,8.05,clear sky
376,Nortelandia,BR,-14.4547,-56.8028,74.41,85,22,2.3,few clouds
377,Saint-Augustin,CA,51.226,-58.6502,41.07,82,62,20.83,broken clouds
378,Urubicha,BO,-15.3833,-62.95,70.21,98,100,5.99,overcast clouds
379,Eirunepe,BR,-6.6603,-69.8736,74.93,88,49,0.72,scattered clouds
380,Beaverlodge,CA,55.2166,-119.4361,37.4,56,40,11.5,scattered clouds
381,Ndende,GA,-2.4008,11.3581,71.17,96,100,0.54,light rain
382,Rocha,UY,-34.4833,-54.3333,62.87,65,100,14.5,overcast clouds
383,Abu Samrah,SY,35.3029,37.1841,44.04,82,29,5.46,scattered clouds
384,South Venice,US,27.0531,-82.4243,68.0,94,90,10.36,moderate rain
385,Wanning,CN,18.8003,110.3967,80.83,64,79,1.88,broken clouds
386,Yulara,AU,-25.2406,130.9889,69.8,35,43,19.57,scattered clouds
387,Matipo,BR,-20.2839,-42.3411,62.26,91,0,2.51,clear sky
388,Boyolangu,ID,-8.1181,111.8935,83.19,71,51,3.47,broken clouds
389,Satipo,PE,-11.2522,-74.6386,68.34,97,100,2.62,overcast clouds
390,Ambikapur,IN,23.1167,83.2,81.7,30,0,0.72,clear sky
391,Kirakira,SB,-10.4544,161.9205,82.74,74,94,2.98,overcast clouds
392,Fallon,US,39.4735,-118.7774,64.4,10,40,12.66,scattered clouds
393,Inzhavino,RU,52.3185,42.4937,41.34,94,100,10.74,light rain
394,Drovyanaya,RU,51.5833,113.0333,24.8,26,1,6.71,clear sky
395,Shimoda,JP,34.6667,138.95,62.6,67,40,11.5,scattered clouds
396,Tomohon,ID,1.3346,124.8392,86.0,70,40,6.91,scattered clouds
397,Cayambe,EC,0.05,-78.1333,59.0,88,20,4.61,few clouds
398,San Joaquin,US,37.9333,-121.3011,80.01,23,1,8.05,clear sky
399,Bonthe,SL,7.5264,-12.505,80.46,86,61,7.05,broken clouds
400,Pisco,PE,-13.7,-76.2167,68.0,73,0,9.22,clear sky
401,Bam,IR,29.106,58.357,73.38,17,97,7.36,overcast clouds
402,Sisimiut,GL,66.9395,-53.6735,28.94,69,100,11.77,overcast clouds
403,Severobaykalsk,RU,55.65,109.3167,15.94,72,23,3.13,few clouds
404,Kirkkonummi,FI,60.1238,24.4385,42.01,69,100,4.0,overcast clouds
405,Yoichi,JP,43.2039,140.7703,57.99,47,3,17.27,clear sky
406,The Valley,AI,18.217,-63.0578,75.99,64,0,5.75,clear sky
407,Conakry,GN,9.538,-13.6773,79.16,84,22,7.0,few clouds
408,Chhatarpur,IN,24.9,79.6,82.69,34,4,4.43,clear sky
409,Slyudyanka,RU,51.6594,103.7061,35.31,55,97,3.78,overcast clouds
410,Kyshtovka,RU,56.555,76.6271,32.59,85,100,11.65,overcast clouds
411,Novikovo,RU,51.1537,37.8879,45.09,92,100,10.4,overcast clouds
412,Tiarei,PF,-17.5333,-149.3333,86.0,66,75,10.36,broken clouds
413,Giyani,ZA,-23.3025,30.7187,65.05,62,0,4.03,clear sky
414,Lasa,IT,46.6166,10.7002,48.0,100,90,5.75,mist
415,Iwaki,JP,37.05,140.8833,57.2,51,20,11.5,few clouds
416,Kavieng,PG,-2.5744,150.7967,81.14,76,95,9.69,light rain
417,Portland,US,45.5234,-122.6762,55.99,40,3,1.99,clear sky
418,Tromso,NO,69.6496,18.957,30.2,93,90,11.5,light snow
419,Makasar,ID,-5.14,119.4221,82.4,78,20,3.44,few clouds
420,Christchurch,NZ,-43.5333,172.6333,69.8,52,92,17.27,overcast clouds
421,Umm Lajj,SA,25.0213,37.2685,67.57,48,0,14.47,clear sky
422,Vero Beach,US,27.6386,-80.3973,66.2,94,40,6.91,scattered clouds
423,Ust-Koksa,RU,50.2696,85.6108,34.75,62,14,1.86,few clouds
424,Port Hardy,CA,50.6996,-127.4199,44.6,61,20,16.11,few clouds
425,Biak,ID,-0.9131,122.8766,83.07,68,85,1.01,overcast clouds
426,Okato,NZ,-39.2,173.8833,70.0,79,100,5.01,overcast clouds
427,Loubomo,CG,-4.1997,12.6739,72.21,95,100,1.36,overcast clouds
428,Astoria,US,46.1879,-123.8313,51.01,62,1,16.11,clear sky
429,Ancud,CL,-41.8697,-73.8203,59.0,100,90,13.8,light intensity drizzle
430,Tessalit,ML,20.1986,1.0114,82.74,12,0,5.37,clear sky
431,Souillac,MU,-20.5167,57.5167,75.2,94,40,3.44,light rain
432,Badnawar,IN,23.0167,75.2167,71.6,37,0,9.22,haze
433,Karpogory,RU,64.0019,44.4451,33.22,82,10,11.21,clear sky
434,Mecca,SA,21.4267,39.8261,68.86,56,0,6.08,clear sky
435,Cilegon,ID,-6.0174,106.0538,84.2,65,20,5.75,few clouds
436,Sanchez,DO,19.2281,-69.6137,69.21,80,40,5.41,scattered clouds
437,Kota Bahru,MY,6.1333,102.2386,80.6,89,20,2.3,few clouds
438,Springdale,US,36.1867,-94.1288,69.8,59,1,5.39,clear sky
439,Makakilo City,US,21.3469,-158.0858,73.4,78,90,5.75,moderate rain
440,Suntar,RU,62.1444,117.6319,19.24,80,100,5.5,overcast clouds
441,Stillwater,US,36.1156,-97.0584,77.0,31,1,5.75,clear sky
442,Lishan,CN,31.8576,113.2951,61.52,69,100,5.73,overcast clouds
443,Tshikapa,CD,-6.4167,20.8,69.75,98,100,2.84,overcast clouds
444,Aykhal,RU,66.0,111.5,17.64,90,96,7.25,overcast clouds
445,Kasama,ZM,-10.2129,31.1808,60.6,97,100,5.95,overcast clouds
446,Jaciara,BR,-15.9653,-54.9683,71.8,83,10,2.59,clear sky
447,Cayenne,GF,4.9333,-52.3333,81.0,94,0,4.03,clear sky
448,Inhambane,MZ,-23.865,35.3833,72.12,82,0,5.99,clear sky
449,Mackay,AU,-21.15,149.2,80.01,53,90,13.8,overcast clouds
450,Inta,RU,66.0317,60.1659,32.38,79,72,20.54,broken clouds
451,Saint-Joseph,RE,-21.3667,55.6167,78.8,69,0,6.91,light rain
452,Kuytun,RU,54.3419,101.5036,32.4,79,100,10.85,overcast clouds
453,Swindon,GB,51.558,-1.7812,32.0,86,1,5.75,clear sky
454,Warman,CA,52.3168,-106.5679,32.0,93,90,19.57,light snow
455,Antalaha,MG,-14.9003,50.2788,74.1,88,99,5.86,overcast clouds
456,Vaitape,PF,-16.5167,-151.75,81.7,74,100,8.77,light rain
457,Peniche,PT,39.3558,-9.3811,51.01,88,19,3.98,few clouds
458,Yarada,IN,17.65,83.2667,81.61,73,0,4.21,clear sky
459,Lagoa,PT,39.05,-27.9833,60.98,85,0,8.52,clear sky
460,Redlands,US,34.0556,-117.1825,80.6,26,40,9.22,scattered clouds
461,General Pico,AR,-35.6566,-63.7568,57.07,57,0,6.58,clear sky
462,Sandeid,NO,59.5449,5.8636,37.99,65,20,9.22,few clouds
463,Snizhne,UA,48.0261,38.7723,45.34,93,100,8.59,overcast clouds
464,Gazli,UZ,40.1333,63.45,51.12,52,0,12.21,clear sky
465,Myitkyina,MM,25.3833,97.4,81.3,44,59,1.39,broken clouds
466,Athabasca,CA,54.7169,-113.2854,35.6,55,44,4.61,scattered clouds
467,Casambalangan,PH,18.3765,122.1274,81.57,71,95,4.32,overcast clouds
468,Wajir,KE,1.7471,40.0573,76.66,79,68,10.42,broken clouds
469,Creel,MX,27.75,-107.6333,52.07,30,100,8.3,overcast clouds
470,Caorle,IT,45.5966,12.8758,52.0,96,100,3.0,light rain
471,Commerce,US,34.0006,-118.1598,68.0,60,1,3.44,clear sky
472,Chapais,CA,49.7834,-74.8492,48.2,53,1,11.5,clear sky
473,Matay,EG,28.419,30.7792,52.83,60,0,12.8,clear sky
474,Kutum,SD,14.2,24.6667,65.01,18,11,13.02,few clouds
475,Oskarshamn,SE,57.2645,16.4484,34.0,93,100,1.99,overcast clouds
476,Bodden Town,KY,19.2833,-81.25,81.0,83,20,10.36,few clouds
477,Batagay,RU,67.6333,134.6333,4.17,82,96,2.33,overcast clouds
478,Pathein,MM,16.7833,94.7333,86.79,57,100,5.99,overcast clouds
479,Henties Bay,NA,-22.116,14.2845,84.99,29,0,5.01,clear sky
480,Moron,AR,-34.6534,-58.6198,63.0,81,0,4.7,clear sky
481,Salinopolis,BR,-0.6136,-47.3561,77.45,87,65,7.09,broken clouds
482,Nizhniy Kuranakh,RU,58.8353,125.4869,17.1,83,100,8.75,light snow
483,Aitape,PG,-3.1374,142.3475,83.89,73,100,7.25,overcast clouds
484,Kattivakkam,IN,13.2167,80.3167,82.4,78,40,3.44,scattered clouds
485,Seymchan,RU,62.8833,152.4333,0.95,73,96,3.6,overcast clouds
486,Vanimo,PG,-2.6741,141.3028,85.53,68,100,2.91,overcast clouds
487,Ornskoldsvik,SE,63.2909,18.7153,28.4,86,90,3.44,overcast clouds
488,Mumford,GH,5.2618,-0.759,80.85,86,81,8.32,broken clouds
489,Middelburg,ZA,-25.7751,29.4648,57.74,43,0,5.53,clear sky
490,Tekeli,KZ,44.83,78.8239,47.41,60,0,8.79,clear sky
491,Banda Aceh,ID,5.5577,95.3222,83.37,69,72,1.92,broken clouds
492,Yenagoa,NG,4.9247,6.2642,77.38,86,94,3.74,overcast clouds
493,North Bend,US,43.4065,-124.2243,52.0,62,1,23.02,clear sky
494,Muisne,EC,0.6,-80.0333,77.54,87,100,3.94,overcast clouds
495,Tevaitoa,PF,-16.7833,-151.5,81.9,74,100,11.63,light rain
496,Sinnamary,GF,5.3833,-52.95,77.5,86,54,3.47,broken clouds
497,Axim,GH,4.8699,-2.2405,79.86,86,86,5.93,overcast clouds
498,Lensk,RU,60.7253,114.9278,19.85,78,72,5.97,broken clouds
499,Calvinia,ZA,-31.4707,19.776,69.87,34,64,2.46,broken clouds
500,Soyo,AO,-6.1349,12.3689,78.13,81,100,4.12,light rain
501,Huty,UA,50.1332,35.3439,46.35,69,100,11.63,light rain
502,Kristiansund,NO,63.1115,7.732,35.6,75,100,6.91,overcast clouds
503,Aberdeen,GB,57.1437,-2.0981,32.0,93,20,6.91,snow
504,Kirensk,RU,57.7853,108.1119,27.61,85,99,6.17,overcast clouds
505,Erenhot,CN,43.6475,111.9767,33.62,40,100,16.08,overcast clouds
506,Zhanakorgan,KZ,43.9098,67.2495,48.02,80,100,3.13,overcast clouds
507,Olafsvik,IS,64.8945,-23.7142,35.24,79,91,19.64,overcast clouds
508,Green River,US,41.5286,-109.4662,48.2,15,1,18.41,clear sky
509,Cap Malheureux,MU,-19.9842,57.6142,75.99,86,86,1.99,overcast clouds
510,Mikhaylovsk,RU,45.1283,42.0256,44.6,87,75,2.24,broken clouds
511,Eureka,US,40.8021,-124.1637,55.0,65,0,7.0,clear sky
512,Anloga,GH,5.7947,0.8973,82.4,83,20,5.75,few clouds
513,Jega,NG,12.2175,4.3792,84.2,6,28,5.46,scattered clouds
514,Wells,GB,51.2079,-2.649,35.6,75,20,4.61,few clouds
515,Vila Velha,BR,-20.3297,-40.2925,71.6,94,0,3.44,clear sky
516,Mumbwa,ZM,-14.9783,27.0619,57.43,95,3,4.07,clear sky
517,Kendari,ID,-3.945,122.4989,87.39,59,49,1.92,scattered clouds
518,Marsa Matruh,EG,31.3525,27.2453,57.2,58,0,6.91,clear sky
519,Korla,CN,41.7597,86.1469,52.54,40,24,18.86,few clouds
520,Ratnagiri,IN,16.9833,73.3,82.47,77,96,2.64,overcast clouds
521,Necochea,AR,-38.5473,-58.7368,54.0,94,0,8.5,clear sky
522,Ucluelet,CA,48.9329,-125.5528,48.2,46,1,10.36,clear sky
523,Andenes,NO,69.3143,16.1194,33.8,69,90,16.11,overcast clouds
524,Atar,MR,20.5169,-13.0499,75.67,19,5,10.94,clear sky
525,San Patricio,US,28.017,-97.5169,72.0,83,75,10.36,broken clouds
526,Ternate,ID,0.8,127.4,83.82,69,24,7.38,few clouds
527,Winter Garden,US,28.5653,-81.5862,62.01,95,26,6.67,scattered clouds
528,Iranshahr,IR,27.2025,60.6848,72.52,27,91,4.38,overcast clouds
529,Gavrilovka,UA,49.9833,36.05,50.0,53,40,11.18,light rain
530,Ulladulla,AU,-35.35,150.4667,64.4,32,0,12.66,clear sky
531,Tungor,RU,53.3808,142.9564,26.8,58,100,10.94,overcast clouds
532,Asfi,MA,32.2994,-9.2372,58.82,87,99,11.9,overcast clouds
533,Broome,US,42.2506,-75.833,55.99,100,90,12.66,mist
534,La Rioja,ES,42.25,-2.5,41.0,81,0,4.61,clear sky
535,Catuday,PH,16.2923,119.8062,82.26,61,93,3.13,overcast clouds
536,Touros,BR,-5.1989,-35.4608,77.0,100,75,4.61,broken clouds
537,Chulman,RU,56.8479,124.9104,11.75,78,100,8.84,overcast clouds
538,Uppsala,SE,60.0,17.75,35.6,100,90,8.05,light snow
539,Were Ilu,ET,10.6,39.4333,51.78,80,72,4.94,broken clouds
540,Viytivka,UA,48.426,29.5429,42.62,57,72,4.83,broken clouds
541,Inuvik,CA,68.3499,-133.7218,12.2,34,25,6.91,scattered clouds
542,Catamarca,AR,-28.4696,-65.7852,60.01,83,2,6.82,clear sky
543,Williston,US,48.147,-103.618,37.0,67,100,11.99,overcast clouds
544,Verkh-Usugli,RU,52.7,115.1667,23.07,24,4,7.02,clear sky
545,Asau,RO,46.4333,26.4,39.99,47,3,3.24,light rain
546,Murdochville,CA,48.9583,-65.5006,42.8,93,100,1.14,overcast clouds
547,Paso Del Macho,MX,18.9667,-96.7167,80.01,78,40,8.05,scattered clouds
548,Chilca,PE,-12.5211,-76.7372,71.01,78,0,10.36,clear sky
549,Ambon,ID,-3.6954,128.1814,87.8,70,40,5.75,scattered clouds
550,San Francisco,US,37.7749,-122.4194,59.0,58,75,27.63,broken clouds
551,Presidencia Roque Saenz Pena,AR,-26.7852,-60.4388,64.0,80,4,1.99,clear sky
552,Yurgamysh,RU,55.3714,64.4656,36.73,91,98,7.14,overcast clouds
553,Antofagasta,CL,-23.65,-70.4,60.8,77,75,9.22,broken clouds
554,Tahe,CN,52.3333,124.7333,25.03,29,92,8.34,overcast clouds
555,Kibala,TD,9.1104,18.3463,84.2,48,0,6.91,clear sky
556,Ordu,TR,40.9086,37.6845,46.4,93,75,2.3,broken clouds
557,Brigantine,US,39.4101,-74.3646,53.01,100,90,13.8,mist
558,Castellammare Del Golfo,IT,38.0188,12.8858,62.01,76,0,6.91,clear sky
559,Mayo,US,38.8876,-76.5119,63.0,89,2,6.51,clear sky
560,Saint Anthony,US,45.0205,-93.218,52.0,76,90,12.66,overcast clouds
561,Morgan City,US,29.6994,-91.2068,66.2,82,1,3.44,clear sky
562,Port Blair,IN,11.6667,92.75,84.69,69,89,5.26,overcast clouds
563,Rio Gallegos,AR,-51.6226,-69.2181,59.0,38,40,21.85,scattered clouds
564,Khasan,RU,42.4308,130.6434,44.67,87,100,3.31,overcast clouds
565,Bhikhi,IN,30.0667,75.5333,80.31,15,99,4.43,overcast clouds
566,Uarini,BR,-2.99,-65.1083,73.24,98,99,2.46,overcast clouds
567,Edson,CA,53.5835,-116.4356,32.0,74,40,3.02,scattered clouds
568,Maraa,BR,-1.8333,-65.3667,73.87,95,93,2.75,overcast clouds
569,Nova Vicosa,BR,-17.8919,-39.3719,74.19,87,19,6.62,few clouds
570,Kita,ML,13.0349,-9.4895,86.5,12,0,3.2,clear sky
571,Vedasandur,IN,10.5333,77.95,80.67,69,55,3.47,broken clouds
572,Fort Nelson,CA,58.8053,-122.7002,32.0,27,20,4.61,few clouds
573,Kawalu,ID,-7.3817,108.2082,80.4,78,100,1.3,overcast clouds
574,Neverkino,RU,52.7854,46.7417,42.84,95,100,9.17,light rain
575,Panguipulli,CL,-39.6333,-72.3333,55.4,94,20,2.3,few clouds
576,Lormi,IN,22.2833,81.7333,84.76,31,34,1.21,scattered clouds
577,Hervey Bay,AU,-25.2986,152.8535,75.0,52,0,5.99,clear sky
578,College,US,64.8569,-147.8028,34.0,40,90,4.61,overcast clouds
579,Goderich,CA,43.7501,-81.7165,53.6,76,99,2.3,overcast clouds
580,Talaya,RU,61.3833,152.75,0.12,78,100,7.92,overcast clouds
581,Jabinyanah,TN,35.035,10.9081,64.4,68,40,9.22,scattered clouds
582,Rockport,US,28.0206,-97.0544,72.0,83,1,14.97,clear sky
583,Pekan,MY,3.4836,103.3996,78.8,89,20,2.35,few clouds
584,Tateyama,JP,34.9833,139.8667,64.4,48,40,11.5,scattered clouds
585,Nerja,ES,36.7585,-3.8873,63.0,63,56,4.0,broken clouds
586,Nova Ushytsya,UA,48.8372,27.2743,40.78,59,0,5.61,clear sky
587,Uniara,IN,26.15,75.2167,81.82,8,0,4.47,clear sky
588,Husavik,IS,66.0449,-17.3389,32.0,93,0,4.79,clear sky
589,Marienburg,PL,54.0359,19.0266,52.0,72,100,14.29,overcast clouds
590,Yagodnoye,RU,62.55,149.6667,-1.66,76,100,4.23,overcast clouds
591,Bac Lieu,VN,9.285,105.7244,85.17,68,100,15.28,overcast clouds
592,Laguna,US,38.421,-121.4238,82.4,12,1,4.61,clear sky
593,Belaya Gora,RU,68.5333,146.4167,1.63,83,15,6.51,few clouds
594,Lincoln,US,40.8,-96.667,60.8,39,1,25.32,clear sky
595,Rochegda,RU,62.8,43.25,32.45,88,8,6.64,clear sky
596,Pustoshka,RU,56.3355,29.369,42.82,84,77,7.58,broken clouds
597,Luzhou,CN,28.8724,105.4405,62.13,75,100,2.24,overcast clouds
598,Talas,TR,38.6908,35.5538,30.2,100,90,2.06,light snow
599,Shache,CN,38.4167,77.2406,57.78,21,0,1.9,clear sky
600,Cata,RO,46.0833,25.2667,36.0,70,11,3.0,light snow
601,Foumban,CM,5.7291,10.9001,64.44,92,100,3.42,overcast clouds
602,Port-Gentil,GA,-0.7193,8.7815,80.22,77,94,5.39,overcast clouds
603,Amapa,BR,1.0,-52.0,72.86,98,100,1.68,overcast clouds
604,Linjiang,CN,41.8069,126.9078,59.27,40,100,12.39,light rain
605,Caravelas,BR,-17.7125,-39.2481,72.48,91,9,4.52,clear sky
606,Morinville,CA,53.8001,-113.652,35.6,74,1,5.75,clear sky
607,Sept-Iles,CA,50.2001,-66.3821,51.8,62,90,6.91,overcast clouds
608,Romitan,UZ,39.9343,64.3814,46.4,61,0,11.5,clear sky
609,Magadan,RU,59.5667,150.8,13.23,85,100,18.54,overcast clouds
610,Magomeni,TZ,-6.8,39.25,78.8,94,75,11.5,moderate rain
611,Buala,SB,-8.145,159.5921,85.05,65,96,2.84,overcast clouds
612,Cabedelo,BR,-6.9811,-34.8339,73.4,100,20,8.05,few clouds
613,Bayir,TR,37.2687,28.2167,39.2,75,0,3.44,clear sky
614,Noumea,NC,-22.2763,166.4572,78.8,83,90,13.8,overcast clouds
615,Lakselv,NO,70.0513,24.9718,32.0,69,20,17.27,light snow
616,Karpinsk,RU,59.7654,60.0085,34.88,91,100,4.38,overcast clouds
617,Jimo,CN,36.3897,120.4622,57.0,88,90,6.71,overcast clouds
618,Mercedes,AR,-34.6515,-59.4307,55.99,86,0,1.99,clear sky
619,Okha,RU,53.5739,142.9478,25.61,61,100,12.37,overcast clouds
620,Manjacaze,MZ,-24.7117,33.8828,64.26,95,0,4.25,clear sky
621,Gezing,AT,47.9178,13.1299,50.0,76,20,11.5,few clouds
622,Las Cruces,US,32.3123,-106.7783,77.0,8,100,3.0,overcast clouds
623,Isangel,VU,-19.55,169.2667,86.0,79,75,6.91,broken clouds
624,Nome,US,64.5011,-165.4064,27.0,86,90,27.63,light snow
625,Hualmay,PE,-11.0964,-77.6139,69.3,83,100,8.34,overcast clouds
626,Cidreira,BR,-30.1811,-50.2056,69.26,79,90,18.07,overcast clouds
627,Sao Jose Da Coroa Grande,BR,-8.8978,-35.1478,77.49,86,100,4.61,overcast clouds
628,Buturlino,RU,55.5667,44.8974,34.12,99,100,6.42,overcast clouds
